"STATION","NAME","DATE","AWND","PRCP","SNOW","SNWD","TAVG","WT01","WT02","WT03","WT04","WT05","WT06","WT08","WT09"
"USW00014922","MINNEAPOLIS ST PAUL INTERNATIONAL AIRPORT, MN US","2017-04-03","8.28","0.12","0.0","0","49","    1",,,,,,"    1",
"USW00014922","MINNEAPOLIS ST PAUL INTERNATIONAL AIRPORT, MN US","2017-04-04","9.17","0.00","0.0","0","52",,,,,,,,
"USW00014922","MINNEAPOLIS ST PAUL INTERNATIONAL AIRPORT, MN US","2017-04-05","8.50","0.00","0.0","0","48",,,,,,,,
"USW00014922","MINNEAPOLIS ST PAUL INTERNATIONAL AIRPORT, MN US","2017-04-06","10.96","0.00","0.0","0","46",,,,,,,,
"USW00014922","MINNEAPOLIS ST PAUL INTERNATIONAL AIRPORT, MN US","2017-04-07","7.38","0.00","0.0","0","46",,,,,,,,
"USW00014922","MINNEAPOLIS ST PAUL INTERNATIONAL AIRPORT, MN US","2017-04-08","12.08","0.00","0.0","0","55",,,,,,,,
"USW00014922","MINNEAPOLIS ST PAUL INTERNATIONAL AIRPORT, MN US","2017-04-09","11.18","0.02","0.0","0","65",,,"    1",,,,,
"USW00014922","MINNEAPOLIS ST PAUL INTERNATIONAL AIRPORT, MN US","2017-04-10","13.87","0.18","0.5","0","49","    1",,,,,,,
"USW00014922","MINNEAPOLIS ST PAUL INTERNATIONAL AIRPORT, MN US","2017-04-11","6.49","0.00","0.0","1","38","    1",,,,,,,
"USW00014922","MINNEAPOLIS ST PAUL INTERNATIONAL AIRPORT, MN US","2017-04-12","8.50","0.16","0.0","0","48","    1",,,,,,,
"USW00014922","MINNEAPOLIS ST PAUL INTERNATIONAL AIRPORT, MN US","2017-04-13","10.29","0.00","0.0","0","49","    1",,,,,,,
"USW00014922","MINNEAPOLIS ST PAUL INTERNATIONAL AIRPORT, MN US","2017-04-14","13.20","0.30","0.0","0","54","    1",,,,,,"    1",
"USW00014922","MINNEAPOLIS ST PAUL INTERNATIONAL AIRPORT, MN US","2017-04-15","8.50","1.00","0.0","0","62","    1",,"    1",,,,,
"USW00014922","MINNEAPOLIS ST PAUL INTERNATIONAL AIRPORT, MN US","2017-04-16","13.65","0.00","0.0","0","56",,,,,,,,
"USW00014922","MINNEAPOLIS ST PAUL INTERNATIONAL AIRPORT, MN US","2017-04-17","6.71","0.00","0.0","0","53",,,,,,,,
"USW00014922","MINNEAPOLIS ST PAUL INTERNATIONAL AIRPORT, MN US","2017-04-18","15.43","0.15","0.0","0","55",,,,,,,"    1",
"USW00014922","MINNEAPOLIS ST PAUL INTERNATIONAL AIRPORT, MN US","2017-04-19","10.96","0.80","0.0","0","48","    1",,"    1",,,,,
"USW00014922","MINNEAPOLIS ST PAUL INTERNATIONAL AIRPORT, MN US","2017-04-20","11.63","0.15","0.0","0","45","    1",,"    1",,,,,
"USW00014922","MINNEAPOLIS ST PAUL INTERNATIONAL AIRPORT, MN US","2017-04-21","5.14","0.00","0.0","0","49",,,,,,,,
"USW00014922","MINNEAPOLIS ST PAUL INTERNATIONAL AIRPORT, MN US","2017-04-22","5.37","0.00","0.0","0","56",,,,,,,,
"USW00014922","MINNEAPOLIS ST PAUL INTERNATIONAL AIRPORT, MN US","2017-04-23","6.26","0.00","0.0","0","59",,,,,,,,
"USW00014922","MINNEAPOLIS ST PAUL INTERNATIONAL AIRPORT, MN US","2017-04-24","11.86","0.02","0.0","0","60",,,,,,,,
"USW00014922","MINNEAPOLIS ST PAUL INTERNATIONAL AIRPORT, MN US","2017-04-25","8.05","0.45","0.0","0","59","    1",,,,,,,
"USW00014922","MINNEAPOLIS ST PAUL INTERNATIONAL AIRPORT, MN US","2017-04-26","12.30","0.38","0.0","0","43","    1",,,,,,"    1",
"USW00014922","MINNEAPOLIS ST PAUL INTERNATIONAL AIRPORT, MN US","2017-04-27","11.41","0.01","0.0","0","35","    1",,,,,,"    1",
"USW00014922","MINNEAPOLIS ST PAUL INTERNATIONAL AIRPORT, MN US","2017-04-28","7.61","0.00","0.0","0","40",,,,,,,,
"USW00014922","MINNEAPOLIS ST PAUL INTERNATIONAL AIRPORT, MN US","2017-04-29","13.42","0.00","0.0","0","46",,,,,,,,
"USW00014922","MINNEAPOLIS ST PAUL INTERNATIONAL AIRPORT, MN US","2017-04-30","14.76","0.71","0.0","0","47","    1",,,,,,,
"USW00014922","MINNEAPOLIS ST PAUL INTERNATIONAL AIRPORT, MN US","2017-05-01","13.87","0.26","0.0","0","40","    1",,,,,,,
"USW00014922","MINNEAPOLIS ST PAUL INTERNATIONAL AIRPORT, MN US","2017-05-02","10.51","0.03","0.0","0","46","    1",,,,,,,
"USW00014922","MINNEAPOLIS ST PAUL INTERNATIONAL AIRPORT, MN US","2017-05-03","7.16","0.00","0.0","0","56",,,,,,,,
"USW00014922","MINNEAPOLIS ST PAUL INTERNATIONAL AIRPORT, MN US","2017-05-04","7.16","0.00","0.0","0","58",,,,,,,,
"USW00014922","MINNEAPOLIS ST PAUL INTERNATIONAL AIRPORT, MN US","2017-05-05","6.93","0.00","0.0","0","61",,,,,,,,
"USW00014922","MINNEAPOLIS ST PAUL INTERNATIONAL AIRPORT, MN US","2017-05-06","7.61","0.00","0.0","0","60",,,,,,,,
"USW00014922","MINNEAPOLIS ST PAUL INTERNATIONAL AIRPORT, MN US","2017-05-07","8.50","0.00","0.0","0","57",,,,,,,,
"USW00014922","MINNEAPOLIS ST PAUL INTERNATIONAL AIRPORT, MN US","2017-05-08","15.66","0.25","0.0","0","58","    1",,"    1",,,,,
"USW00014922","MINNEAPOLIS ST PAUL INTERNATIONAL AIRPORT, MN US","2017-05-09","6.71","0.03","0.0","0","60",,,,,,,,
"USW00014922","MINNEAPOLIS ST PAUL INTERNATIONAL AIRPORT, MN US","2017-05-10","4.92","0.00","0.0","0","61",,,,,,,,
"USW00014922","MINNEAPOLIS ST PAUL INTERNATIONAL AIRPORT, MN US","2017-05-11","10.07","0.00","0.0","0","59",,,,,,,,
"USW00014922","MINNEAPOLIS ST PAUL INTERNATIONAL AIRPORT, MN US","2017-05-12","3.80","0.00","0.0","0","61",,,,,,,,
"USW00014922","MINNEAPOLIS ST PAUL INTERNATIONAL AIRPORT, MN US","2017-05-13","6.26","0.00","0.0","0","69",,,,,,,,
"USW00014922","MINNEAPOLIS ST PAUL INTERNATIONAL AIRPORT, MN US","2017-05-14","11.63","0.00","0.0","0","71",,,,,,,,
"USW00014922","MINNEAPOLIS ST PAUL INTERNATIONAL AIRPORT, MN US","2017-05-15","9.84","0.24","0.0","0","68","    1",,"    1",,,,,
"USW00014922","MINNEAPOLIS ST PAUL INTERNATIONAL AIRPORT, MN US","2017-05-16","11.18","0.35","0.0","0","68","    1",,"    1",,,,,
"USW00014922","MINNEAPOLIS ST PAUL INTERNATIONAL AIRPORT, MN US","2017-05-17","8.50","1.81","0.0","0","68","    1",,"    1",,,,"    1",
"USW00014922","MINNEAPOLIS ST PAUL INTERNATIONAL AIRPORT, MN US","2017-05-18","13.42","0.27","0.0","0","53","    1",,,,,,,
"USW00014922","MINNEAPOLIS ST PAUL INTERNATIONAL AIRPORT, MN US","2017-05-19","12.30","0.00","0.0","0","49",,,,,,,,
"USW00014922","MINNEAPOLIS ST PAUL INTERNATIONAL AIRPORT, MN US","2017-05-20","13.42","1.47","0.0","0","48","    1",,,,,,,
"USW00014922","MINNEAPOLIS ST PAUL INTERNATIONAL AIRPORT, MN US","2017-05-21","10.51","0.04","0.0","0","50","    1",,,,,,"    1",
"USW00014922","MINNEAPOLIS ST PAUL INTERNATIONAL AIRPORT, MN US","2017-05-22","9.62","0.01","0.0","0","53",,,,,,,,
"USW00014922","MINNEAPOLIS ST PAUL INTERNATIONAL AIRPORT, MN US","2017-05-23","7.83","0.01","0.0","0","56",,,,,,,,
"USW00014922","MINNEAPOLIS ST PAUL INTERNATIONAL AIRPORT, MN US","2017-05-24","8.28","0.00","0.0","0","54",,,,,,,,
"USW00014922","MINNEAPOLIS ST PAUL INTERNATIONAL AIRPORT, MN US","2017-05-25","7.83","0.01","0.0","0","60",,,,,,,,
"USW00014922","MINNEAPOLIS ST PAUL INTERNATIONAL AIRPORT, MN US","2017-05-26","8.72","0.00","0.0","0","67",,,,,,,,
"USW00014922","MINNEAPOLIS ST PAUL INTERNATIONAL AIRPORT, MN US","2017-05-27","5.82","0.00","0.0","0","66",,,,,,,,
"USW00014922","MINNEAPOLIS ST PAUL INTERNATIONAL AIRPORT, MN US","2017-05-28","12.30","0.02","0.0","0","66",,,"    1",,,,,
"USW00014922","MINNEAPOLIS ST PAUL INTERNATIONAL AIRPORT, MN US","2017-05-29","13.87","0.00","0.0","0","59",,,,,,,,
"USW00014922","MINNEAPOLIS ST PAUL INTERNATIONAL AIRPORT, MN US","2017-05-30","12.08","0.00","0.0","0","56",,,,,,,,
"USW00014922","MINNEAPOLIS ST PAUL INTERNATIONAL AIRPORT, MN US","2017-05-31","10.96","0.00","0.0","0","61",,,,,,,,
"USW00014922","MINNEAPOLIS ST PAUL INTERNATIONAL AIRPORT, MN US","2017-06-01","4.70","0.00","0.0","0","65",,,,,,,,
"USW00014922","MINNEAPOLIS ST PAUL INTERNATIONAL AIRPORT, MN US","2017-06-02","7.38","0.00","0.0","0","73",,,,,,,,
"USW00014922","MINNEAPOLIS ST PAUL INTERNATIONAL AIRPORT, MN US","2017-06-03","9.62","0.00","0.0","0","82",,,,,,,,
"USW00014922","MINNEAPOLIS ST PAUL INTERNATIONAL AIRPORT, MN US","2017-06-04","10.07","0.00","0.0","0","78",,,,,,,,
"USW00014922","MINNEAPOLIS ST PAUL INTERNATIONAL AIRPORT, MN US","2017-06-05","8.50","0.00","0.0","0","72",,,,,,,,
"USW00014922","MINNEAPOLIS ST PAUL INTERNATIONAL AIRPORT, MN US","2017-06-06","7.38","0.00","0.0","0","71",,,,,,,,
"USW00014922","MINNEAPOLIS ST PAUL INTERNATIONAL AIRPORT, MN US","2017-06-07","8.05","0.02","0.0","0","74",,,"    1",,,,,
"USW00014922","MINNEAPOLIS ST PAUL INTERNATIONAL AIRPORT, MN US","2017-06-08","8.50","0.00","0.0","0","78",,,,,,,,
"USW00014922","MINNEAPOLIS ST PAUL INTERNATIONAL AIRPORT, MN US","2017-06-09","9.17","0.00","0.0","0","75",,,,,,,,
"USW00014922","MINNEAPOLIS ST PAUL INTERNATIONAL AIRPORT, MN US","2017-06-10","14.76","0.00","0.0","0","83",,,,,,,,
"USW00014922","MINNEAPOLIS ST PAUL INTERNATIONAL AIRPORT, MN US","2017-06-11","7.61","1.82","0.0","0","76","    1",,"    1",,"    1",,,
"USW00014922","MINNEAPOLIS ST PAUL INTERNATIONAL AIRPORT, MN US","2017-06-12","6.71","0.20","0.0","0","72","    1",,"    1",,,,"    1",
"USW00014922","MINNEAPOLIS ST PAUL INTERNATIONAL AIRPORT, MN US","2017-06-13","14.32","0.14","0.0","0","75","    1",,"    1",,,,,
"USW00014922","MINNEAPOLIS ST PAUL INTERNATIONAL AIRPORT, MN US","2017-06-14","9.84","0.08","0.0","0","77","    1",,"    1",,,,"    1",
"USW00014922","MINNEAPOLIS ST PAUL INTERNATIONAL AIRPORT, MN US","2017-06-15","10.74","0.00","0.0","0","77",,,,,,,,
"USW00014922","MINNEAPOLIS ST PAUL INTERNATIONAL AIRPORT, MN US","2017-06-16","6.93","0.00","0.0","0","76",,,,,,,"    1",
"USW00014922","MINNEAPOLIS ST PAUL INTERNATIONAL AIRPORT, MN US","2017-06-17","7.16","0.20","0.0","0","75","    1",,,,,,,
"USW00014922","MINNEAPOLIS ST PAUL INTERNATIONAL AIRPORT, MN US","2017-06-18","11.86","0.01","0.0","0","66",,,"    1",,,,,
"USW00014922","MINNEAPOLIS ST PAUL INTERNATIONAL AIRPORT, MN US","2017-06-19","12.30","0.00","0.0","0","67",,,,,,,,
"USW00014922","MINNEAPOLIS ST PAUL INTERNATIONAL AIRPORT, MN US","2017-06-20","7.61","0.25","0.0","0","67","    1",,,,,,,
"USW00014922","MINNEAPOLIS ST PAUL INTERNATIONAL AIRPORT, MN US","2017-06-21","9.62","0.00","0.0","0","70",,,,,,,,
"USW00014922","MINNEAPOLIS ST PAUL INTERNATIONAL AIRPORT, MN US","2017-06-22","5.82","0.49","0.0","0","71","    1",,"    1",,,,,
"USW00014922","MINNEAPOLIS ST PAUL INTERNATIONAL AIRPORT, MN US","2017-06-23","13.20","0.00","0.0","0","66",,,,,,,,
"USW00014922","MINNEAPOLIS ST PAUL INTERNATIONAL AIRPORT, MN US","2017-06-24","13.42","0.00","0.0","0","62",,,"    1",,,,,
"USW00014922","MINNEAPOLIS ST PAUL INTERNATIONAL AIRPORT, MN US","2017-06-25","12.75","0.00","0.0","0","60",,,,,,,"    1",
"USW00014922","MINNEAPOLIS ST PAUL INTERNATIONAL AIRPORT, MN US","2017-06-26","6.93","0.00","0.0","0","62",,,,,,,,
"USW00014922","MINNEAPOLIS ST PAUL INTERNATIONAL AIRPORT, MN US","2017-06-27","9.62","0.00","0.0","0","66",,,,,,,,
"USW00014922","MINNEAPOLIS ST PAUL INTERNATIONAL AIRPORT, MN US","2017-06-28","13.65","0.91","0.0","0","71","    1",,"    1",,,,,
"USW00014922","MINNEAPOLIS ST PAUL INTERNATIONAL AIRPORT, MN US","2017-06-29","9.17","0.00","0.0","0","71",,,,,,,,
"USW00014922","MINNEAPOLIS ST PAUL INTERNATIONAL AIRPORT, MN US","2017-06-30","6.93","0.11","0.0","0","71",,,"    1",,,,,
"USW00014922","MINNEAPOLIS ST PAUL INTERNATIONAL AIRPORT, MN US","2017-07-01","9.40","0.01","0.0","0","69",,,,,,,,
"USW00014922","MINNEAPOLIS ST PAUL INTERNATIONAL AIRPORT, MN US","2017-07-02","6.71","0.00","0.0","0","72",,,,,,,,
"USW00014922","MINNEAPOLIS ST PAUL INTERNATIONAL AIRPORT, MN US","2017-07-03","6.49","0.00","0.0","0","73",,,,,,,,
"USW00014922","MINNEAPOLIS ST PAUL INTERNATIONAL AIRPORT, MN US","2017-07-04","9.62","0.00","0.0","0","76",,,"    1",,,,,
"USW00014922","MINNEAPOLIS ST PAUL INTERNATIONAL AIRPORT, MN US","2017-07-05","7.83","0.00","0.0","0","80",,,,,,,,
"USW00014922","MINNEAPOLIS ST PAUL INTERNATIONAL AIRPORT, MN US","2017-07-06","8.95","0.00","0.0","0","83",,,,,,,,
"USW00014922","MINNEAPOLIS ST PAUL INTERNATIONAL AIRPORT, MN US","2017-07-07","11.86","0.00","0.0","0","78",,,,,,,,
"USW00014922","MINNEAPOLIS ST PAUL INTERNATIONAL AIRPORT, MN US","2017-07-08","6.04","0.00","0.0","0","73",,,,,,,,
"USW00014922","MINNEAPOLIS ST PAUL INTERNATIONAL AIRPORT, MN US","2017-07-09","6.93","0.37","0.0","0","75","    1",,"    1",,,,"    1",
"USW00014922","MINNEAPOLIS ST PAUL INTERNATIONAL AIRPORT, MN US","2017-07-10","6.93","0.00","0.0","0","76",,,,,,,"    1",
"USW00014922","MINNEAPOLIS ST PAUL INTERNATIONAL AIRPORT, MN US","2017-07-11","6.26","0.00","0.0","0","77",,,,,,,,
"USW00014922","MINNEAPOLIS ST PAUL INTERNATIONAL AIRPORT, MN US","2017-07-12","10.96","0.03","0.0","0","80",,,"    1",,,,"    1",
"USW00014922","MINNEAPOLIS ST PAUL INTERNATIONAL AIRPORT, MN US","2017-07-13","9.40","0.00","0.0","0","68","    1",,,,,,,
"USW00014922","MINNEAPOLIS ST PAUL INTERNATIONAL AIRPORT, MN US","2017-07-14","4.92","0.00","0.0","0","67",,,,,,,,
"USW00014922","MINNEAPOLIS ST PAUL INTERNATIONAL AIRPORT, MN US","2017-07-15","9.62","0.00","0.0","0","76",,,,,,,,
"USW00014922","MINNEAPOLIS ST PAUL INTERNATIONAL AIRPORT, MN US","2017-07-16","8.28","0.00","0.0","0","78",,,,,,,,
"USW00014922","MINNEAPOLIS ST PAUL INTERNATIONAL AIRPORT, MN US","2017-07-17","11.86","0.63","0.0","0","79","    1",,"    1",,,,,
"USW00014922","MINNEAPOLIS ST PAUL INTERNATIONAL AIRPORT, MN US","2017-07-18","6.26","0.08","0.0","0","77","    1",,,,,,,
"USW00014922","MINNEAPOLIS ST PAUL INTERNATIONAL AIRPORT, MN US","2017-07-19","6.93","1.17","0.0","0","72","    1",,"    1",,,,"    1",
"USW00014922","MINNEAPOLIS ST PAUL INTERNATIONAL AIRPORT, MN US","2017-07-20","3.58","0.00","0.0","0","75","    1",,,,,,,
"USW00014922","MINNEAPOLIS ST PAUL INTERNATIONAL AIRPORT, MN US","2017-07-21","9.62","0.00","0.0","0","77","    1",,,,,,"    1",
"USW00014922","MINNEAPOLIS ST PAUL INTERNATIONAL AIRPORT, MN US","2017-07-22","7.61","0.00","0.0","0","79",,,,,,,,
"USW00014922","MINNEAPOLIS ST PAUL INTERNATIONAL AIRPORT, MN US","2017-07-23","10.29","0.00","0.0","0","75",,,,,,,,
"USW00014922","MINNEAPOLIS ST PAUL INTERNATIONAL AIRPORT, MN US","2017-07-24","7.38","0.00","0.0","0","69",,,,,,,,
"USW00014922","MINNEAPOLIS ST PAUL INTERNATIONAL AIRPORT, MN US","2017-07-25","12.08","0.39","0.0","0","73",,,"    1",,,,,
"USW00014922","MINNEAPOLIS ST PAUL INTERNATIONAL AIRPORT, MN US","2017-07-26","6.26","0.44","0.0","0","77","    1",,"    1",,,,,
"USW00014922","MINNEAPOLIS ST PAUL INTERNATIONAL AIRPORT, MN US","2017-07-27","5.82","0.00","0.0","0","76",,,,,,,,
"USW00014922","MINNEAPOLIS ST PAUL INTERNATIONAL AIRPORT, MN US","2017-07-28","5.14","0.00","0.0","0","76",,,,,,,,
"USW00014922","MINNEAPOLIS ST PAUL INTERNATIONAL AIRPORT, MN US","2017-07-29","2.91","0.00","0.0","0","75",,,,,,,,
"USW00014922","MINNEAPOLIS ST PAUL INTERNATIONAL AIRPORT, MN US","2017-07-30","3.80","0.00","0.0","0","77",,,,,,,,
"USW00014922","MINNEAPOLIS ST PAUL INTERNATIONAL AIRPORT, MN US","2017-07-31","4.03","0.00","0.0","0","78",,,,,,,,
"USW00014922","MINNEAPOLIS ST PAUL INTERNATIONAL AIRPORT, MN US","2017-08-01","7.38","0.00","0.0","0","77",,,,,,,,
"USW00014922","MINNEAPOLIS ST PAUL INTERNATIONAL AIRPORT, MN US","2017-08-02","9.84","0.00","0.0","0","76",,,,,,,,
"USW00014922","MINNEAPOLIS ST PAUL INTERNATIONAL AIRPORT, MN US","2017-08-03","14.76","0.29","0.0","0","64","    1",,"    1",,,,"    1",
"USW00014922","MINNEAPOLIS ST PAUL INTERNATIONAL AIRPORT, MN US","2017-08-04","9.84","0.00","0.0","0","63",,,,,,,,
"USW00014922","MINNEAPOLIS ST PAUL INTERNATIONAL AIRPORT, MN US","2017-08-05","4.03","0.29","0.0","0","68",,,"    1",,,,,
"USW00014922","MINNEAPOLIS ST PAUL INTERNATIONAL AIRPORT, MN US","2017-08-06","4.03","0.09","0.0","0","67",,,"    1",,,,,
"USW00014922","MINNEAPOLIS ST PAUL INTERNATIONAL AIRPORT, MN US","2017-08-07","2.46","0.00","0.0","0","68","    1",,,,,,"    1",
"USW00014922","MINNEAPOLIS ST PAUL INTERNATIONAL AIRPORT, MN US","2017-08-08","5.82","0.00","0.0","0","73",,,,,,,,
"USW00014922","MINNEAPOLIS ST PAUL INTERNATIONAL AIRPORT, MN US","2017-08-09","7.61","0.57","0.0","0","70","    1",,"    1",,,,,
"USW00014922","MINNEAPOLIS ST PAUL INTERNATIONAL AIRPORT, MN US","2017-08-10","7.83","0.10","0.0","0","66","    1",,,,,,,
"USW00014922","MINNEAPOLIS ST PAUL INTERNATIONAL AIRPORT, MN US","2017-08-11","6.04","0.00","0.0","0","68","    1","    1",,,,,,
"USW00014922","MINNEAPOLIS ST PAUL INTERNATIONAL AIRPORT, MN US","2017-08-12","3.80","0.00","0.0","0","70",,,,,,,,
"USW00014922","MINNEAPOLIS ST PAUL INTERNATIONAL AIRPORT, MN US","2017-08-13","7.61","1.00","0.0","0","67","    1",,"    1",,,,,
"USW00014922","MINNEAPOLIS ST PAUL INTERNATIONAL AIRPORT, MN US","2017-08-14","5.37","0.01","0.0","0","66","    1",,,,,,,
"USW00014922","MINNEAPOLIS ST PAUL INTERNATIONAL AIRPORT, MN US","2017-08-15","7.61","0.00","0.0","0","68",,,,,,,,
"USW00014922","MINNEAPOLIS ST PAUL INTERNATIONAL AIRPORT, MN US","2017-08-16","11.63","1.94","0.0","0","70","    1",,,,,,,
"USW00014922","MINNEAPOLIS ST PAUL INTERNATIONAL AIRPORT, MN US","2017-08-17","13.42","0.08","0.0","0","70","    1",,,,,,,
"USW00014922","MINNEAPOLIS ST PAUL INTERNATIONAL AIRPORT, MN US","2017-08-18","4.03","0.16","0.0","0","66","    1",,"    1",,,,"    1",
"USW00014922","MINNEAPOLIS ST PAUL INTERNATIONAL AIRPORT, MN US","2017-08-19","5.14","0.00","0.0","0","69","    1",,,,,,,
"USW00014922","MINNEAPOLIS ST PAUL INTERNATIONAL AIRPORT, MN US","2017-08-20","6.71","0.00","0.0","0","75",,,"    1",,,,,
"USW00014922","MINNEAPOLIS ST PAUL INTERNATIONAL AIRPORT, MN US","2017-08-21","7.61","0.19","0.0","0","72",,,"    1",,,,,
"USW00014922","MINNEAPOLIS ST PAUL INTERNATIONAL AIRPORT, MN US","2017-08-22","13.20","0.00","0.0","0","68",,,,,,,"    1",
"USW00014922","MINNEAPOLIS ST PAUL INTERNATIONAL AIRPORT, MN US","2017-08-23","6.93","0.00","0.0","0","67",,,,,,,,
"USW00014922","MINNEAPOLIS ST PAUL INTERNATIONAL AIRPORT, MN US","2017-08-24","9.84","0.01","0.0","0","66",,,,,,,,
"USW00014922","MINNEAPOLIS ST PAUL INTERNATIONAL AIRPORT, MN US","2017-08-25","14.09","0.55","0.0","0","65","    1",,"    1",,,,,
"USW00014922","MINNEAPOLIS ST PAUL INTERNATIONAL AIRPORT, MN US","2017-08-26","9.40","1.22","0.0","0","64","    1",,"    1",,,,,
"USW00014922","MINNEAPOLIS ST PAUL INTERNATIONAL AIRPORT, MN US","2017-08-27","8.72","0.24","0.0","0","67","    1",,"    1",,,,,
"USW00014922","MINNEAPOLIS ST PAUL INTERNATIONAL AIRPORT, MN US","2017-08-28","6.49","0.00","0.0","0","66",,,,,,,,
"USW00014922","MINNEAPOLIS ST PAUL INTERNATIONAL AIRPORT, MN US","2017-08-29","2.46","0.00","0.0","0","68","    1",,,,,,"    1",
"USW00014922","MINNEAPOLIS ST PAUL INTERNATIONAL AIRPORT, MN US","2017-08-30","8.05","0.01","0.0","0","72",,,"    1",,,,,
"USW00014922","MINNEAPOLIS ST PAUL INTERNATIONAL AIRPORT, MN US","2017-08-31","9.84","0.00","0.0","0","65",,,,,,,,
"USW00014922","MINNEAPOLIS ST PAUL INTERNATIONAL AIRPORT, MN US","2017-09-01","10.29","0.00","0.0","0","62","    1",,,,,,"    1",
"USW00014922","MINNEAPOLIS ST PAUL INTERNATIONAL AIRPORT, MN US","2017-09-02","9.62","0.00","0.0","0","70",,,,,,,"    1",
"USW00014922","MINNEAPOLIS ST PAUL INTERNATIONAL AIRPORT, MN US","2017-09-03","8.28","0.00","0.0","0","71",,,,,,,"    1",
"USW00014922","MINNEAPOLIS ST PAUL INTERNATIONAL AIRPORT, MN US","2017-09-04","11.86","0.07","0.0","0","71","    1",,"    1",,,,"    1",
"USW00014922","MINNEAPOLIS ST PAUL INTERNATIONAL AIRPORT, MN US","2017-09-05","12.97","0.00","0.0","0","57",,,,,,,,
"USW00014922","MINNEAPOLIS ST PAUL INTERNATIONAL AIRPORT, MN US","2017-09-06","6.49","0.00","0.0","0","58",,,,,,,,
"USW00014922","MINNEAPOLIS ST PAUL INTERNATIONAL AIRPORT, MN US","2017-09-07","6.49","0.00","0.0","0","60",,,,,,,,
"USW00014922","MINNEAPOLIS ST PAUL INTERNATIONAL AIRPORT, MN US","2017-09-08","12.30","0.00","0.0","0","61",,,,,,,,
"USW00014922","MINNEAPOLIS ST PAUL INTERNATIONAL AIRPORT, MN US","2017-09-09","12.53","0.00","0.0","0","62",,,,,,,,
"USW00014922","MINNEAPOLIS ST PAUL INTERNATIONAL AIRPORT, MN US","2017-09-10","11.41","0.00","0.0","0","68",,,,,,,,
"USW00014922","MINNEAPOLIS ST PAUL INTERNATIONAL AIRPORT, MN US","2017-09-11","6.26","0.00","0.0","0","71",,,,,,,,
"USW00014922","MINNEAPOLIS ST PAUL INTERNATIONAL AIRPORT, MN US","2017-09-12","4.92","0.00","0.0","0","73","    1",,,,,,,
"USW00014922","MINNEAPOLIS ST PAUL INTERNATIONAL AIRPORT, MN US","2017-09-13","7.83","0.00","0.0","0","75",,,,,,,,
"USW00014922","MINNEAPOLIS ST PAUL INTERNATIONAL AIRPORT, MN US","2017-09-14","7.61","0.00","0.0","0","77",,,,,,,,
"USW00014922","MINNEAPOLIS ST PAUL INTERNATIONAL AIRPORT, MN US","2017-09-15","9.40","0.00","0.0","0","78",,,"    1",,,,,
"USW00014922","MINNEAPOLIS ST PAUL INTERNATIONAL AIRPORT, MN US","2017-09-16","11.63","0.04","0.0","0","75",,,,,,,,
"USW00014922","MINNEAPOLIS ST PAUL INTERNATIONAL AIRPORT, MN US","2017-09-17","7.16","0.00","0.0","0","60",,,,,,,,
"USW00014922","MINNEAPOLIS ST PAUL INTERNATIONAL AIRPORT, MN US","2017-09-18","9.17","0.37","0.0","0","57","    1",,,,,,,
"USW00014922","MINNEAPOLIS ST PAUL INTERNATIONAL AIRPORT, MN US","2017-09-19","12.30","0.00","0.0","0","65",,,,,,,,
"USW00014922","MINNEAPOLIS ST PAUL INTERNATIONAL AIRPORT, MN US","2017-09-20","8.28","0.04","0.0","0","72",,,"    1",,,,,
"USW00014922","MINNEAPOLIS ST PAUL INTERNATIONAL AIRPORT, MN US","2017-09-21","9.84","0.00","0.0","0","67",,,,,,,,
"USW00014922","MINNEAPOLIS ST PAUL INTERNATIONAL AIRPORT, MN US","2017-09-22","11.86","0.00","0.0","0","81",,,,,,,,
"USW00014922","MINNEAPOLIS ST PAUL INTERNATIONAL AIRPORT, MN US","2017-09-23","8.72","0.00","0.0","0","83",,,,,,,,
"USW00014922","MINNEAPOLIS ST PAUL INTERNATIONAL AIRPORT, MN US","2017-09-24","10.29","0.00","0.0","0","81",,,,,,,,
"USW00014922","MINNEAPOLIS ST PAUL INTERNATIONAL AIRPORT, MN US","2017-09-25","8.50","0.41","0.0","0","66","    1",,"    1",,,,,
"USW00014922","MINNEAPOLIS ST PAUL INTERNATIONAL AIRPORT, MN US","2017-09-26","10.29","0.11","0.0","0","60","    1",,,,,,,
"USW00014922","MINNEAPOLIS ST PAUL INTERNATIONAL AIRPORT, MN US","2017-09-27","6.71","0.00","0.0","0","57",,,,,,,,
"USW00014922","MINNEAPOLIS ST PAUL INTERNATIONAL AIRPORT, MN US","2017-09-28","8.05","0.00","0.0","0","61",,,,,,,,
"USW00014922","MINNEAPOLIS ST PAUL INTERNATIONAL AIRPORT, MN US","2017-09-29","6.71","0.00","0.0","0","58",,,,,,,,
"USW00014922","MINNEAPOLIS ST PAUL INTERNATIONAL AIRPORT, MN US","2017-09-30","10.07","0.00","0.0","0","57",,,,,,,,
"USW00014922","MINNEAPOLIS ST PAUL INTERNATIONAL AIRPORT, MN US","2017-10-01","13.65","0.29","0.0","0","60","    1",,"    1",,,,,
"USW00014922","MINNEAPOLIS ST PAUL INTERNATIONAL AIRPORT, MN US","2017-10-02","7.61","2.18","0.0","0","61","    1",,"    1",,,,,
"USW00014922","MINNEAPOLIS ST PAUL INTERNATIONAL AIRPORT, MN US","2017-10-03","8.28","0.12","0.0","0","65","    1",,"    1",,,,,
"USW00014922","MINNEAPOLIS ST PAUL INTERNATIONAL AIRPORT, MN US","2017-10-04","7.16","0.00","0.0","0","54",,,,,,,"    1",
"USW00014922","MINNEAPOLIS ST PAUL INTERNATIONAL AIRPORT, MN US","2017-10-05","3.36","0.00","0.0","0","55",,,,,,,"    1",
"USW00014922","MINNEAPOLIS ST PAUL INTERNATIONAL AIRPORT, MN US","2017-10-06","6.26","0.44","0.0","0","55","    1",,"    1",,,,,
"USW00014922","MINNEAPOLIS ST PAUL INTERNATIONAL AIRPORT, MN US","2017-10-07","7.83","0.17","0.0","0","57","    1",,,,,,,
"USW00014922","MINNEAPOLIS ST PAUL INTERNATIONAL AIRPORT, MN US","2017-10-08","7.16","0.00","0.0","0","60",,,,,,,,
"USW00014922","MINNEAPOLIS ST PAUL INTERNATIONAL AIRPORT, MN US","2017-10-09","9.40","0.00","0.0","0","53",,,,,,,,
"USW00014922","MINNEAPOLIS ST PAUL INTERNATIONAL AIRPORT, MN US","2017-10-10","4.92","0.00","0.0","0","44",,,,,,,,
"USW00014922","MINNEAPOLIS ST PAUL INTERNATIONAL AIRPORT, MN US","2017-10-11","7.16","0.00","0.0","0","47","    1",,,,,,,
"USW00014922","MINNEAPOLIS ST PAUL INTERNATIONAL AIRPORT, MN US","2017-10-12","10.74","0.00","0.0","0","56","    1",,,,,,,
"USW00014922","MINNEAPOLIS ST PAUL INTERNATIONAL AIRPORT, MN US","2017-10-13","6.71","0.00","0.0","0","54",,,,,,,,
"USW00014922","MINNEAPOLIS ST PAUL INTERNATIONAL AIRPORT, MN US","2017-10-14","11.86","0.53","0.0","0","51","    1",,"    1",,,,,
"USW00014922","MINNEAPOLIS ST PAUL INTERNATIONAL AIRPORT, MN US","2017-10-15","9.62","0.03","0.0","0","47","    1",,,,,,,
"USW00014922","MINNEAPOLIS ST PAUL INTERNATIONAL AIRPORT, MN US","2017-10-16","7.38","0.00","0.0","0","50",,,,,,,,
"USW00014922","MINNEAPOLIS ST PAUL INTERNATIONAL AIRPORT, MN US","2017-10-17","5.14","0.00","0.0","0","59",,,,,,,,
"USW00014922","MINNEAPOLIS ST PAUL INTERNATIONAL AIRPORT, MN US","2017-10-18","10.51","0.00","0.0","0","61",,,,,,,,
"USW00014922","MINNEAPOLIS ST PAUL INTERNATIONAL AIRPORT, MN US","2017-10-19","7.38","0.00","0.0","0","57",,,,,,,,
"USW00014922","MINNEAPOLIS ST PAUL INTERNATIONAL AIRPORT, MN US","2017-10-20","12.97","0.00","0.0","0","63",,,,,,,,
"USW00014922","MINNEAPOLIS ST PAUL INTERNATIONAL AIRPORT, MN US","2017-10-21","14.76","0.45","0.0","0","65","    1",,"    1",,,,,
"USW00014922","MINNEAPOLIS ST PAUL INTERNATIONAL AIRPORT, MN US","2017-10-22","9.40","0.00","0.0","0","55",,,,,,,,
"USW00014922","MINNEAPOLIS ST PAUL INTERNATIONAL AIRPORT, MN US","2017-10-23","15.66","0.00","0.0","0","55",,,,,,,,
"USW00014922","MINNEAPOLIS ST PAUL INTERNATIONAL AIRPORT, MN US","2017-10-24","19.24","0.00","0.0","0","45",,,,,,,,
"USW00014922","MINNEAPOLIS ST PAUL INTERNATIONAL AIRPORT, MN US","2017-10-25","6.71","0.00","0.0","0","46",,,,,,,,
"USW00014922","MINNEAPOLIS ST PAUL INTERNATIONAL AIRPORT, MN US","2017-10-26","14.54","0.00","0.0","0","48","    1",,,,,,,
"USW00014922","MINNEAPOLIS ST PAUL INTERNATIONAL AIRPORT, MN US","2017-10-27","18.34","0.25","0.1","0","35","    1",,,,,,,
"USW00014922","MINNEAPOLIS ST PAUL INTERNATIONAL AIRPORT, MN US","2017-10-28","8.72","0.00","0.0","0","33",,,,,,,,
"USW00014922","MINNEAPOLIS ST PAUL INTERNATIONAL AIRPORT, MN US","2017-10-29","8.50","0.03","0.0","0","34",,,,,,,,
"USW00014922","MINNEAPOLIS ST PAUL INTERNATIONAL AIRPORT, MN US","2017-10-30","17.90","0.00","0.0","0","38",,,,,,,,
"USW00014922","MINNEAPOLIS ST PAUL INTERNATIONAL AIRPORT, MN US","2017-10-31","9.17","0.00","0.0","0","31",,,,,,,,
"USW00014922","MINNEAPOLIS ST PAUL INTERNATIONAL AIRPORT, MN US","2017-11-01","10.51","0.05","0.0","0","31","    1",,,,,,,
"USW00014922","MINNEAPOLIS ST PAUL INTERNATIONAL AIRPORT, MN US","2017-11-02","8.28","0.00","0.0","0","37","    1",,,,,,,
"USW00014922","MINNEAPOLIS ST PAUL INTERNATIONAL AIRPORT, MN US","2017-11-03","6.93","0.05","0.5","0","33","    1",,,,,,"    1",
"USW00014922","MINNEAPOLIS ST PAUL INTERNATIONAL AIRPORT, MN US","2017-11-04","8.28","0.02","0.0","0","36","    1",,,,,,,
"USW00014922","MINNEAPOLIS ST PAUL INTERNATIONAL AIRPORT, MN US","2017-11-05","12.30","0.07","0.0","0","38","    1",,,,,,,
